Attributes;Weight
A1;0.153846
A2;0.461538
A3;0.230769
A4;0.307692
C3;0.153846
C4;0.153846
C5;0.153846
C7;0.461538
