X;C5.csv;C6.csv
php;0;0.333333
serveur;0;0.333333
chaîne;0.333333;0
nombre;0.333333;0
fichiers;0;0.333333
code;0;0.333333
