X;C3.csv;C5.csv;C6.csv
php;0;0.333333;0
script;0.333333;0;0
langage;0;0;0.333333
chaîne;0.333333;0;0
programmation;0.333333;0;0
timestamp;0.333333;0;0
base de données;0;0;0.333333
données;0;0;0.333333
fichiers;0.333333;0;0
code;0.333333;0;0
texte;0.333333;0;0
http;0;0.333333;0
méthode;0.333333;0;0
site;0;0;0.333333
personne;0;0;0.333333
xml;0;0.333333;0
varchar;0;0;0.333333
