X;C3.csv;C5.csv;C6.csv
php;0;0;0.333333
serveur;0;0;0.333333
chaîne;0;0.333333;0
nombre;0;0.333333;0
fichiers;0;0;0.333333
code;0;0;0.333333
echo;0;0;0.333333
files;0;0;0.333333
class;0;0.333333;0
configuration;0.333333;0;0
insert;0.333333;0;0
client;0.333333;0;0
composer;0;0;0.333333
null;0;0.333333;0
