Attributes;Weight
C1;0.291139
C2;0.299578
C3;0.531646
C4;0.329114
C5;0.518987
C6;0.476793
C7;0.227848
C8;0.21097
C9;0.392405
CJA;0.392405
