Attributes;Weight
C1;0.27907
C2;0.232558
C3;0.27907
C4;0.209302
C5;0.0930233
C6;0.209302
C7;0.302326
C8;0.302326
C9;0.325581
CJA;0.139535
