Objects;Weight
page web bn:00080778n;0.0625
navigateur bn:00013447n;0.0625
serveur web bn:02705179n;0.0625
fichier bn:00021475n;0.1875
client bn:00019764n;0.25
base de donnée bn:00025333n;0.0625
donnée bn:00025314n;0.21875
php bn:01753580n;0.15625
java bn:00048043n;0.0625
code bn:00020354n;0.0625
texte bn:00076732n;0.0625
concerner bn:00083240v;0.0625
commentaire bn:00020978n;0.125
délimiter bn:00086464v;0.125
fois bn:00032768n;0.0625
url bn:00079080n;0.0625
case à cocher bn:03157691n;0.0625
post bn:01500184n;0.0625
nombre bn:00058285n;0.40625
text bn:14981519n;0.125
langage bn:00049910n;0.0625
zones bn:00005513n;0.125
utilisateur bn:00079373n;0.0625
case bn:04777941n;0.0625
associer bn:00082868v;0.0625
personne bn:00046516n;0.125
méthode post bn:00045088n;0.125
fermeture bn:16858148n;0.0625
machine bn:00054050n;0.0625
mysql bn:01225760n;0.0625
salaire bn:15928884n;0.0625
jour bn:00000086n;0.0625
programmation bn:00021493n;0.0625
site bn:00047172n;0.3125
france bn:00036202n;0.0625
langage de script bn:01431715n;0.125
interpréter bn:00089840v;0.0625
côté serveur bn:03816678n;0.0625
serveur bn:00044916n;0.0625
côté client bn:03163702n;0.0625
typage bn:00016413n;0.125
foreach bn:03463379n;0.125
pointeur bn:03222272n;0.0625
list bn:04720346n;0.0625
casse bn:03225002n;0.0625
méthode bn:01641329n;0.125
cle bn:04756252n;0.0625
mot bn:00081546n;0.0625
timestamp bn:03603649n;0.125
session bn:03751534n;0.0625
chaîne bn:00074685n;0.125
opérateur bn:16281811n;0.0625
classe bn:03608262n;0.125
exceptions bn:00032118n;0.0625
moteur bn:00030850n;0.0625
xml bn:02771436n;0.0625
entête bn:00043309n;0.0625
echo bn:03626250n;0.0625
files bn:00065682n;0.0625
class bn:03598962n;0.0625
affiche bn:00087013v;0.0625
configuration bn:03088982n;0.0625
insert bn:03795444n;0.0625
varchar bn:01838409n;0.0625
mise bn:00016287n;0.0625
transaction bn:01403911n;0.0625
valeur bn:00079508n;0.0625
visiteur bn:03106425n;0.0625
publique bn:00109211a;0.0625
composer bn:14766022n;0.0625
doctype bn:15839327n;0.0625
positionnement bn:00030615n;0.0625
mysqli bn:01438356n;0.0625
null bn:15898583n;0.0625
généralité bn:00041249n;0.0625
autre bn:00108013a;0.0625
avoir accès bn:00082209v;0.0625
bienvenue bn:00080852n;0.0625
paris bn:00015540n;0.0625
