Attributes;Weight
C1;0.1875
C2;0.3125
C3;0.21875
C4;0.15625
C5;0.15625
C6;0.21875
C7;0.1875
C8;0.28125
C9;0.3125
CJA;0.15625
