Attributes;Weight
C1;0.362245
C2;0.443878
C3;0.507653
C4;0.382653
C5;0.487245
C6;0.477041
C7;0.265306
C8;0.262755
C9;0.459184
CJA;0.438776
