Attributes;Weight
C1;0.390397
C2;0.411273
C3;0.530271
C4;0.386221
C5;0.492693
C6;0.444676
C7;0.336117
C8;0.317328
C9;0.480167
CJA;0.448852
