Attributes;Weight
C1;0.190476
C2;0.190476
C3;0.142857
C4;0.190476
C5;0.142857
C6;0.190476
C7;0.190476
C8;0.238095
C9;0.238095
CJA;0.142857
