Attributes;Weight
C1;0.173913
C2;0.217391
C3;0.26087
C4;0.217391
C5;0.391304
C6;0.26087
C7;0.0869565
C8;0.173913
C9;0.217391
CJA;0.304348
