Attributes;Weight
C1;0.325424
C2;0.369492
C3;0.522034
C4;0.342373
C5;0.447458
C6;0.450847
C7;0.216949
C8;0.247458
C9;0.433898
CJA;0.386441
