Attributes;Weight
C1;0.134021
C2;0.175258
C3;0.525773
C4;0.350515
C5;0.412371
C6;0.381443
C7;0.164948
C8;0.206186
C9;0.257732
CJA;0.505155
