Attributes;Weight
C1;0.206897
C2;0.310345
C3;0.241379
C4;0.172414
C5;0.137931
C6;0.206897
C7;0.172414
C8;0.206897
C9;0.310345
CJA;0.137931
