Attributes;Weight
C1;0.441121
C2;0.431776
C3;0.656075
C4;0.42243
C5;0.514019
C6;0.448598
C7;0.321495
C8;0.381308
C9;0.465421
CJA;0.394393
