Attributes;Weight
C1;0.419231
C2;0.4
C3;0.598077
C4;0.394231
C5;0.507692
C6;0.432692
C7;0.338462
C8;0.361538
C9;0.467308
CJA;0.413462
