Attributes;Weight
C1;0.334426
C2;0.386885
C3;0.504918
C4;0.331148
C5;0.452459
C6;0.436066
C7;0.232787
C8;0.239344
C9;0.419672
CJA;0.393443
