Attributes;Weight
C1;0.327526
C2;0.376307
C3;0.439024
C4;0.341463
C5;0.571429
C6;0.522648
C7;0.219512
C8;0.198606
C9;0.407666
CJA;0.484321
