Attributes;Weight
C1;0.166667
C2;0.166667
C3;0.166667
C4;0.166667
C5;0.416667
C6;0.333333
C8;0.166667
C9;0.333333
CJA;0.333333
