X ; fichier bn:00021475n ; php bn:01753580n ; nombre bn:00058285n ; serveur bn:00044916n ; chaîne bn:00074685n ; pouvoir bn:00084451v
fichier bn:00021475n ; 1 ; 0.4 ; 0.333333 ; 0.4 ; 0.4 ; 0.2
php bn:01753580n ; 0.4 ; 1 ; 0.4 ; 0.2 ; 0.5 ; 0.25
nombre bn:00058285n ; 0.333333 ; 0.4 ; 1 ; 0.166667 ; 0.75 ; 0.2
serveur bn:00044916n ; 0.4 ; 0.2 ; 0.166667 ; 1 ; 0.2 ; 0.25
chaîne bn:00074685n ; 0.4 ; 0.5 ; 0.75 ; 0.2 ; 1 ; 0.25
pouvoir bn:00084451v ; 0.2 ; 0.25 ; 0.2 ; 0.25 ; 0.25 ; 1
