Attributes;Weight
C11;0.317073
C15;0.463415
C17;0.390244
C19;0.390244
C3;0.317073
C5;0.121951
C6;0.414634
CJA;0.097561
