Attributes;Weight
C11;0.173913
C15;0.173913
C17;0.304348
C19;0.304348
C3;0.217391
C5;0.391304
C6;0.173913
CJA;0.478261
