Attributes;Weight
C11;0.351351
C15;0.405405
C17;0.378378
C19;0.378378
C3;0.243243
C5;0.135135
C6;0.459459
CJA;0.108108
