Attributes;Weight
C11;0.285714
C15;0.285714
C17;0.392857
C19;0.357143
C3;0.178571
C5;0.107143
C6;0.428571
CJA;0.142857
