Attributes;Weight
C11;0.487179
C15;0.521368
C17;0.5
C19;0.512821
C3;0.461538
C5;0.487179
C6;0.461538
CJA;0.452991
