Attributes;Weight
C11;0.344262
C15;0.377049
C17;0.196721
C19;0.344262
C3;0.409836
C5;0.508197
C6;0.180328
CJA;0.42623
