Attributes;Weight
C11;0.181818
C15;0.181818
C17;0.181818
C19;0.272727
C3;0.181818
C5;0.636364
CJA;0.545455
