Attributes;Weight
C11;0.435294
C15;0.435294
C17;0.405882
C19;0.411765
C3;0.511765
C5;0.441176
C6;0.458824
CJA;0.388235
