Attributes;Weight
C11;0.495798
C15;0.529412
C17;0.5
C19;0.504202
C3;0.462185
C5;0.495798
C6;0.462185
CJA;0.462185
