Objects;Weight
php bn:01753580n;0.222222
serveur bn:00044916n;0.444444
chaîne bn:00074685n;0.222222
programmation bn:00021493n;0.444444
nombre bn:00058285n;0.444444
fichiers bn:00021475n;0.222222
code bn:00020354n;0.222222
méthode bn:01641329n;0.444444
exceptions bn:00032118n;0.222222
echo bn:03626250n;0.222222
class bn:03598962n;0.222222
configuration bn:03088982n;0.222222
insert bn:03795444n;0.222222
client bn:00019764n;0.222222
