X ; php bn:01753580n ; chaîne bn:00074685n ; fichiers bn:00021475n ; code bn:00020354n ; class bn:03598962n
php bn:01753580n ; 1 ; 0.333333 ; 0.333333 ; 1 ; 0.333333
chaîne bn:00074685n ; 0.333333 ; 1 ; 0.333333 ; 0.333333 ; 1
fichiers bn:00021475n ; 0.333333 ; 0.333333 ; 1 ; 0.333333 ; 0.333333
code bn:00020354n ; 1 ; 0.333333 ; 0.333333 ; 1 ; 0.333333
class bn:03598962n ; 0.333333 ; 1 ; 0.333333 ; 0.333333 ; 1
