Objects;Weight
fichier bn:00021475n;0.142857
client bn:00019764n;0.285714
base de donnée bn:00025333n;0.285714
donnée bn:00025314n;0.428571
post bn:01500184n;0.285714
mysql bn:01225760n;0.142857
salaire bn:15928884n;0.142857
site bn:00047172n;0.285714
langage de script bn:01431715n;0.285714
type bn:00016413n;0.142857
