Attributes;Weight
C1.csv;0.403846
C10.csv;0.586538
C2.csv;0.519231
C4.csv;0.480769
C7.csv;0.461538
C8.csv;0.432692
C9.csv;0.461538
