Attributes;Weight
C1.csv;0.294118
C10.csv;0.294118
C2.csv;0.235294
C4.csv;0.235294
C7.csv;0.176471
C8.csv;0.294118
C9.csv;0.352941
