Attributes;Weight
C1.csv;0.285714
C10.csv;0.214286
C2.csv;0.428571
C4.csv;0.357143
C7.csv;0.285714
C9.csv;0.214286
