Attributes;Weight
C1.csv;0.445783
C10.csv;0.686747
C2.csv;0.53012
C4.csv;0.421687
C7.csv;0.445783
C8.csv;0.337349
C9.csv;0.445783
