Attributes;Weight
C1.csv;0.304348
C10.csv;0.347826
C2.csv;0.304348
C4.csv;0.217391
C7.csv;0.173913
C8.csv;0.391304
C9.csv;0.347826
