Attributes;Weight
C1.csv;0.333333
C10.csv;0.333333
C2.csv;0.291667
C4.csv;0.208333
C7.csv;0.166667
C8.csv;0.416667
C9.csv;0.333333
