Attributes;Weight
C1.csv;0.478261
C10.csv;0.695652
C2.csv;0.48913
C4.csv;0.478261
C7.csv;0.456522
C8.csv;0.369565
C9.csv;0.467391
