Attributes;Weight
C1.csv;0.327869
C10.csv;0.508197
C2.csv;0.459016
C4.csv;0.52459
C7.csv;0.295082
C8.csv;0.311475
C9.csv;0.52459
