Attributes;Weight
C1.csv;0.45614
C10.csv;0.535088
C2.csv;0.517544
C4.csv;0.438596
C7.csv;0.473684
C8.csv;0.464912
C9.csv;0.473684
