Attributes;Weight
C1.csv;0.310345
C10.csv;0.5
C2.csv;0.431034
C4.csv;0.482759
C7.csv;0.293103
C8.csv;0.310345
C9.csv;0.5
