Attributes;Weight
C1.csv;0.296296
C10.csv;0.37037
C2.csv;0.296296
C4.csv;0.185185
C7.csv;0.333333
C8.csv;0.444444
C9.csv;0.333333
