Attributes;Weight
C1.csv;0.393939
C10.csv;0.59596
C2.csv;0.535354
C4.csv;0.454545
C7.csv;0.454545
C8.csv;0.424242
C9.csv;0.464646
