Attributes;Weight
C1.csv;0.27027
C10.csv;0.432432
C2.csv;0.324324
C4.csv;0.459459
C7.csv;0.27027
C8.csv;0.243243
C9.csv;0.351351
