Attributes;Weight
C11;0.309524
C15;0.238095
C17;0.285714
C19;0.357143
C3;0.404762
C5;0.380952
C6;0.452381
