Attributes;Weight
C11;0.428571
C15;0.392857
C17;0.428571
C19;0.392857
C3;0.214286
C5;0.107143
C6;0.285714
