Attributes;Weight
C11;0.115385
C15;0.307692
C17;0.153846
C19;0.384615
C3;0.384615
C5;0.5
C6;0.5
