Attributes;Weight
C11;0.469565
C15;0.46087
C17;0.469565
C19;0.46087
C3;0.486957
C5;0.504348
C6;0.495652
