Attributes;Weight
C11;0.441176
C15;0.5
C17;0.352941
C19;0.441176
C3;0.323529
C5;0.117647
C6;0.235294
