Attributes;Weight
C11;0.458716
C15;0.449541
C17;0.440367
C19;0.486239
C3;0.486239
C5;0.477064
C6;0.522936
