Attributes;Weight
C11;0.454545
C15;0.454545
C17;0.363636
C19;0.424242
C3;0.272727
C5;0.121212
C6;0.242424
