Attributes;Weight
C11;0.346154
C15;0.346154
C17;0.173077
C19;0.326923
C3;0.365385
C5;0.519231
C6;0.192308
CJA;0.442308
