Attributes;Weight
C11;0.420455
C15;0.426136
C17;0.392045
C19;0.426136
C3;0.505682
C5;0.443182
C6;0.511364
CJA;0.409091
