Attributes;Weight
C11;0.483051
C15;0.516949
C17;0.495763
C19;0.508475
C3;0.466102
C5;0.487288
C6;0.466102
CJA;0.457627
