Attributes;Weight
C11;0.166667
C15;0.166667
C17;0.166667
C19;0.25
C3;0.166667
C5;0.583333
C6;0.166667
CJA;0.5
