Attributes;Weight
C11;0.315789
C15;0.263158
C17;0.421053
C19;0.210526
C3;0.210526
C5;0.105263
C6;0.315789
CJA;0.210526
