Attributes;Weight
C11;0.296296
C15;0.296296
C17;0.407407
C19;0.37037
C3;0.185185
C5;0.0740741
C6;0.407407
CJA;0.148148
