Objects;Weight
php bn:01753580n;0.105263
mysql bn:01225760n;0.105263
texte bn:00076732n;0.105263
fichier bn:00021475n;0.263158
données bn:00025314n;0.315789
types bn:00016413n;0.105263
session bn:03751534n;0.105263
base de donnees bn:00025333n;0.210526
entités bn:00031027n;0.105263
site bn:00047172n;0.105263
client web bn:00013447n;0.631579
langage de script bn:01431715n;0.210526
nombre bn:00058285n;0.105263
sélectionner bn:00084931v;0.105263
post bn:01500184n;0.105263
méthode get bn:00045088n;0.105263
code bn:00020354n;0.105263
utilisateur bn:00079373n;0.105263
afficher bn:00087013v;0.105263
nécessaire bn:00107182a;0.210526
serveur bn:00044916n;0.105263
fois bn:00032768n;0.210526
programmation bn:00021493n;0.105263
class bn:03598962n;0.210526
commentaires bn:00020978n;0.210526
composer bn:14766022n;0.105263
chaîne bn:00074685n;0.210526
syntaxe bn:00062118n;0.210526
hiérarchie bn:00044017n;0.105263
définition bn:00025928n;0.105263
langage bn:00049910n;0.105263
mise bn:00016287n;0.105263
mode bn:00033729n;0.105263
configuration bn:03088982n;0.105263
xml bn:02771436n;0.105263
postgresql bn:01709156n;0.105263
web bn:00080772n;0.105263
méthode bn:01641329n;0.105263
bits bn:00010731n;0.105263
foreach bn:03463379n;0.105263
pouvoir bn:00084450v;0.105263
information bn:00046705n;0.105263
timestamp bn:03603649n;0.105263
easyphp bn:14837849n;0.105263
impossible bn:00104687a;0.105263
public bn:00109211a;0.105263
en-tête bn:00043309n;0.105263
client bn:00019764n;0.105263
java bn:00048043n;0.105263
file bn:00065682n;0.105263
echo bn:03626250n;0.210526
rue bn:00074595n;0.105263
void bn:01326821n;0.105263
classe bn:03608262n;0.105263
exception bn:00032118n;0.105263
wamp bn:01708928n;0.105263
symfony bn:02798620n;0.105263
doctype bn:15839327n;0.105263
environnement de développement bn:00748100n;0.105263
realisateur bn:00027369n;0.105263
informatique bn:00100175a;0.105263
