Attributes;Weight
C11;0.181818
C15;0.181818
C17;0.318182
C19;0.318182
C3;0.227273
C5;0.409091
C6;0.136364
CJA;0.454545
