Attributes;Weight
C11;0.361111
C15;0.416667
C17;0.388889
C19;0.388889
C3;0.25
C5;0.111111
C6;0.444444
CJA;0.111111
