Attributes;Weight
C11;0.2
C15;0.133333
C17;0.4
C19;0.133333
C3;0.266667
C5;0.133333
C6;0.2
CJA;0.266667
