X ; php bn:01753580n ; serveur bn:00044916n ; chaîne bn:00074685n ; nombre bn:00058285n ; fichiers bn:00021475n ; code bn:00020354n
php bn:01753580n ; 1 ; 1 ; 0.333333 ; 0.333333 ; 1 ; 1
serveur bn:00044916n ; 1 ; 1 ; 0.333333 ; 0.333333 ; 1 ; 1
chaîne bn:00074685n ; 0.333333 ; 0.333333 ; 1 ; 1 ; 0.333333 ; 0.333333
nombre bn:00058285n ; 0.333333 ; 0.333333 ; 1 ; 1 ; 0.333333 ; 0.333333
fichiers bn:00021475n ; 1 ; 1 ; 0.333333 ; 0.333333 ; 1 ; 1
code bn:00020354n ; 1 ; 1 ; 0.333333 ; 0.333333 ; 1 ; 1
