Attributes;Weight
C1;0.380488
C2;0.42439
C3;0.492683
C4;0.356098
C5;0.468293
C6;0.443902
C7;0.287805
C8;0.268293
C9;0.44878
