Attributes;Weight
C1;0.379447
C2;0.458498
C3;0.474308
C4;0.399209
C5;0.494071
C6;0.462451
C7;0.320158
C8;0.343874
C9;0.498024
