Attributes;Weight
C1;0.469136
C2;0.447531
C3;0.567901
C4;0.432099
C5;0.533951
C6;0.435185
C7;0.317901
C8;0.410494
C9;0.462963
