Attributes;Weight
C1;0.26087
C2;0.217391
C3;0.173913
C4;0.173913
C5;0.173913
C6;0.26087
C7;0.217391
C8;0.26087
C9;0.347826
