Attributes;Weight
C1;0.333333
C2;0.378531
C3;0.485876
C4;0.39548
C5;0.570621
C6;0.536723
C7;0.20339
C8;0.259887
C9;0.480226
