Attributes;Weight
C1;0.315789
C2;0.236842
C3;0.263158
C4;0.236842
C5;0.105263
C6;0.236842
C7;0.342105
C8;0.289474
C9;0.368421
