Attributes;Weight
C1;0.222222
C2;0.333333
C3;0.222222
C4;0.185185
C5;0.185185
C6;0.222222
C7;0.185185
C8;0.259259
C9;0.333333
