Attributes;Weight
C1;0.123288
C2;0.246575
C3;0.561644
C4;0.342466
C5;0.39726
C6;0.39726
C7;0.219178
C8;0.219178
C9;0.273973
