Attributes;Weight
C1;0.311377
C2;0.329341
C3;0.479042
C4;0.383234
C5;0.54491
C6;0.520958
C7;0.215569
C8;0.233533
C9;0.461078
