Attributes;Weight
C1;0.3125
C2;0.25
C3;0.21875
C4;0.1875
C5;0.125
C6;0.28125
C7;0.21875
C8;0.34375
C9;0.375
