X ; fichier bn:00021475n ; client bn:00019764n ; php bn:01753580n ; nombre bn:00058285n ; langage de script bn:01431715n ; serveur bn:00044916n ; chaîne bn:00074685n
fichier bn:00021475n ; 1 ; 0.25 ; 0.333333 ; 0.166667 ; 0.2 ; 0.333333 ; 0.25
client bn:00019764n ; 0.25 ; 1 ; 0.25 ; 0.333333 ; 0.166667 ; 0.25 ; 0.2
php bn:01753580n ; 0.333333 ; 0.25 ; 1 ; 0.166667 ; 0.5 ; 1 ; 0.25
nombre bn:00058285n ; 0.166667 ; 0.333333 ; 0.166667 ; 1 ; 0.285714 ; 0.166667 ; 0.6
langage de script bn:01431715n ; 0.2 ; 0.166667 ; 0.5 ; 0.285714 ; 1 ; 0.5 ; 0.4
serveur bn:00044916n ; 0.333333 ; 0.25 ; 1 ; 0.166667 ; 0.5 ; 1 ; 0.25
chaîne bn:00074685n ; 0.25 ; 0.2 ; 0.25 ; 0.6 ; 0.4 ; 0.25 ; 1
