Attributes;Weight
C1;0.422096
C2;0.416431
C3;0.512748
C4;0.410765
C5;0.524079
C6;0.444759
C7;0.422096
C8;0.419263
C9;0.492918
