Attributes;Weight
C1;0.38342
C2;0.42487
C3;0.502591
C4;0.352332
C5;0.46114
C6;0.471503
C7;0.279793
C8;0.253886
C9;0.450777
