Attributes;Weight
C1;0.210526
C2;0.157895
C3;0.157895
C4;0.210526
C5;0.157895
C6;0.210526
C7;0.210526
C8;0.263158
C9;0.263158
