Attributes;Weight
C1;0.214286
C2;0.25
C3;0.392857
C4;0.321429
C5;0.464286
C6;0.25
C7;0.178571
C8;0.142857
C9;0.214286
