Attributes;Weight
C1;0.370107
C2;0.448399
C3;0.483986
C4;0.3879
C5;0.469751
C6;0.480427
C7;0.352313
C8;0.384342
C9;0.512456
