Attributes;Weight
C1;0.338275
C2;0.416442
C3;0.504043
C4;0.357143
C5;0.439353
C6;0.493261
C7;0.262803
C8;0.280323
C9;0.460916
C10;0.495957
CJA;0.424528
