Attributes;Weight
C1;0.291845
C2;0.341202
C3;0.512876
C4;0.319742
C5;0.424893
C6;0.437768
C7;0.186695
C8;0.195279
C9;0.427039
C10;0.536481
CJA;0.392704
