Attributes;Weight
C1;0.0699301
C2;0.195804
C3;0.391608
C4;0.342657
C5;0.468531
C6;0.377622
C7;0.223776
C8;0.244755
C9;0.321678
C10;0.223776
CJA;0.34965
