Attributes;Weight
C1;0.129032
C2;0.258065
C3;0.354839
C4;0.290323
C5;0.516129
C6;0.225806
C7;0.16129
C8;0.0967742
C9;0.16129
C10;0.225806
CJA;0.387097
