Attributes;Weight
C1;0.240741
C2;0.240741
C3;0.222222
C4;0.166667
C5;0.111111
C6;0.166667
C7;0.277778
C8;0.314815
C9;0.314815
C10;0.333333
CJA;0.111111
