Attributes;Weight
C1;0.368532
C2;0.393875
C3;0.530095
C4;0.404435
C5;0.501584
C6;0.419219
C7;0.346357
C8;0.309398
C9;0.444562
C10;0.491024
CJA;0.409715
