Attributes;Weight
C1;0.347443
C2;0.380952
C3;0.557319
C4;0.342152
C5;0.447972
C6;0.467372
C7;0.213404
C8;0.188713
C9;0.419753
C10;0.553792
CJA;0.425044
