Attributes;Weight
C1;0.272727
C2;0.236364
C3;0.236364
C4;0.163636
C5;0.109091
C6;0.163636
C7;0.272727
C8;0.309091
C9;0.309091
C10;0.345455
CJA;0.127273
