Attributes;Weight
C1;0.247788
C2;0.256637
C3;0.519174
C4;0.339233
C5;0.489676
C6;0.451327
C7;0.176991
C8;0.185841
C9;0.380531
C10;0.460177
CJA;0.377581
