Attributes;Weight
C1;0.298319
C2;0.352941
C3;0.502101
C4;0.313025
C5;0.428571
C6;0.428571
C7;0.197479
C8;0.191176
C9;0.418067
C10;0.52521
CJA;0.397059
