Attributes;Weight
C1;0.272727
C2;0.330144
C3;0.433014
C4;0.34689
C5;0.547847
C6;0.507177
C7;0.177033
C8;0.174641
C9;0.397129
C10;0.488038
CJA;0.461722
