Attributes;Weight
C1;0.230769
C2;0.192308
C3;0.192308
C4;0.153846
C5;0.115385
C6;0.230769
C7;0.153846
C8;0.192308
C9;0.269231
C10;0.192308
CJA;0.153846
