X ; fichier bn:00021475n ; client bn:00019764n ; php bn:01753580n ; salaire bn:15928884n ; serveur bn:00044916n ; pouvoir bn:00084451v
fichier bn:00021475n ; 1 ; 0.25 ; 0.25 ; 0.25 ; 0.4 ; 0.25
client bn:00019764n ; 0.25 ; 1 ; 0.333333 ; 0.333333 ; 0.2 ; 0.333333
php bn:01753580n ; 0.25 ; 0.333333 ; 1 ; 0.333333 ; 0.5 ; 0.333333
salaire bn:15928884n ; 0.25 ; 0.333333 ; 0.333333 ; 1 ; 0.2 ; 1
serveur bn:00044916n ; 0.4 ; 0.2 ; 0.5 ; 0.2 ; 1 ; 0.2
pouvoir bn:00084451v ; 0.25 ; 0.333333 ; 0.333333 ; 1 ; 0.2 ; 1
