Attributes;Weight
C1;0.179487
C2;0.307692
C3;0.179487
C4;0.128205
C5;0.153846
C6;0.179487
C7;0.153846
C8;0.25641
C9;0.307692
C10;0.333333
CJA;0.128205
