Attributes;Weight
C1;0.420398
C2;0.415423
C3;0.640547
C4;0.390547
C5;0.496269
C6;0.447761
C7;0.29602
C8;0.276119
C9;0.427861
C10;0.639303
CJA;0.401741
