Attributes;Weight
C11;0.115385
C15;0.153846
C17;0.230769
C19;0.346154
C3;0.192308
C5;0.538462
C6;0.423077
CJA;0.461538
