Attributes;Weight
C11;0.347826
C15;0.434783
C17;0.434783
C19;0.26087
C3;0.217391
C5;0.0869565
C6;0.217391
CJA;0.173913
