Attributes;Weight
C11;0.441176
C15;0.382353
C17;0.382353
C19;0.411765
C3;0.264706
C5;0.0882353
C6;0.235294
CJA;0.117647
