X ; php bn:01753580n ; fichier bn:00021475n ; nombre bn:00058285n ; code bn:00020354n ; serveur bn:00044916n ; chaîne bn:00074685n ; pouvoir bn:00084451v
php bn:01753580n ; 1 ; 0.333333 ; 0.2 ; 0.333333 ; 0.2 ; 0.333333 ; 0.333333
fichier bn:00021475n ; 0.333333 ; 1 ; 0.5 ; 0.333333 ; 0.5 ; 0.333333 ; 0.333333
nombre bn:00058285n ; 0.2 ; 0.5 ; 1 ; 0.2 ; 0.333333 ; 0.5 ; 0.2
code bn:00020354n ; 0.333333 ; 0.333333 ; 0.2 ; 1 ; 0.5 ; 0.333333 ; 0.333333
serveur bn:00044916n ; 0.2 ; 0.5 ; 0.333333 ; 0.5 ; 1 ; 0.2 ; 0.2
chaîne bn:00074685n ; 0.333333 ; 0.333333 ; 0.5 ; 0.333333 ; 0.2 ; 1 ; 0.333333
pouvoir bn:00084451v ; 0.333333 ; 0.333333 ; 0.2 ; 0.333333 ; 0.2 ; 0.333333 ; 1
