Attributes;Weight
C11;0.483871
C15;0.491935
C17;0.5
C19;0.516129
C3;0.491935
C5;0.483871
C6;0.491935
CJA;0.483871
