Attributes;Weight
C11;0.275862
C15;0.293103
C17;0.206897
C19;0.310345
C3;0.344828
C5;0.465517
C6;0.396552
CJA;0.431034
