Attributes;Weight
C11;0.222222
C15;0.222222
C19;0.333333
C5;0.333333
C6;0.333333
CJA;0.444444
