Attributes;Weight
C11;0.414634
C15;0.512195
C17;0.414634
C19;0.414634
C3;0.390244
C5;0.121951
C6;0.195122
CJA;0.097561
