Attributes;Weight
C11;0.4
C15;0.422857
C17;0.394286
C19;0.422857
C3;0.502857
C5;0.457143
C6;0.537143
CJA;0.405714
