Attributes;Weight
C11;0.428571
C15;0.4
C17;0.371429
C19;0.4
C3;0.257143
C5;0.114286
C6;0.228571
CJA;0.114286
