Attributes;Weight
C11;0.386364
C15;0.295455
C17;0.227273
C19;0.409091
C3;0.409091
C5;0.409091
C6;0.295455
