Attributes;Weight
C11;0.454545
C15;0.454545
C17;0.445455
C19;0.490909
C3;0.490909
C5;0.472727
C6;0.527273
