Attributes;Weight
C11;0.382353
C15;0.470588
C17;0.382353
C19;0.411765
C3;0.264706
C5;0.117647
C6;0.470588
