Attributes;Weight
C11;0.380952
C15;0.285714
C17;0.47619
C19;0.333333
C3;0.238095
C5;0.0952381
C6;0.380952
