Attributes;Weight
C11;0.222222
C15;0.222222
C17;0.222222
C19;0.222222
C3;0.222222
C5;0.555556
C6;0.222222
