Attributes;Weight
C11;0.296296
C15;0.37037
C17;0.37037
C19;0.407407
C3;0.185185
C5;0.148148
C6;0.407407
