Attributes;Weight
C11;0.25
C15;0.166667
C17;0.416667
C19;0.166667
C3;0.25
C5;0.166667
C6;0.25
