Attributes;Weight
C11;0.208333
C15;0.25
C17;0.291667
C19;0.333333
C3;0.416667
C5;0.458333
C6;0.25
