Attributes;Weight
C11;0.307692
C15;0.153846
C17;0.384615
C19;0.153846
C3;0.230769
C5;0.153846
C6;0.307692
