Attributes;Weight
C1;0.286765
C12;0.4375
C13;0.205882
C14;0.430147
C16;0.349265
C18;0.272059
C2;0.316176
C4;0.301471
C7;0.216912
C8;0.25
C9;0.441176
