Attributes;Weight
C1;0.166667
C12;0.194444
C13;0.222222
C14;0.138889
C16;0.166667
C18;0.222222
C2;0.277778
C4;0.166667
C7;0.166667
C8;0.305556
C9;0.194444
