Attributes;Weight
C1;0.348449
C12;0.434368
C13;0.267303
C14;0.405728
C16;0.372315
C18;0.317422
C2;0.431981
C4;0.377088
C7;0.181384
C8;0.260143
C9;0.472554
