Attributes;Weight
C1;0.246914
C12;0.222222
C13;0.259259
C14;0.111111
C16;0.17284
C18;0.469136
C2;0.246914
C4;0.160494
C7;0.296296
C8;0.320988
C9;0.259259
