Attributes;Weight
C1;0.281955
C12;0.43609
C13;0.203008
C14;0.43985
C16;0.342105
C18;0.270677
C2;0.308271
C4;0.308271
C7;0.214286
C8;0.24812
C9;0.447368
