Attributes;Weight
C1;0.186047
C12;0.162791
C13;0.255814
C14;0.139535
C16;0.162791
C18;0.232558
C2;0.27907
C4;0.139535
C7;0.255814
C8;0.27907
C9;0.232558
