Attributes;Weight
C1;0.475875
C12;0.670766
C13;0.364238
C14;0.430464
C16;0.402081
C18;0.493851
C2;0.508988
C4;0.534532
C7;0.346263
C8;0.369915
C9;0.443709
