Attributes;Weight
C1;0.289474
C12;0.407895
C13;0.197368
C14;0.332237
C16;0.444079
C18;0.365132
C2;0.381579
C4;0.348684
C7;0.171053
C8;0.1875
C9;0.542763
