Attributes;Weight
C1;0.179487
C12;0.538462
C13;0.153846
C14;0.333333
C16;0.384615
C18;0.102564
C2;0.205128
C4;0.384615
C7;0.179487
C8;0.128205
C9;0.102564
