Attributes;Weight
C1;0.23622
C12;0.448819
C13;0.149606
C14;0.244094
C16;0.299213
C18;0.244094
C2;0.322835
C4;0.393701
C7;0.15748
C8;0.141732
C9;0.370079
