Attributes;Weight
C1;0.222222
C12;0.222222
C13;0.333333
C14;0.777778
C16;0.333333
C2;0.222222
C4;0.222222
C7;0.222222
C8;0.222222
