Attributes;Weight
C1;0.178571
C12;0.214286
C13;0.142857
C14;0.178571
C16;0.178571
C18;0.214286
C2;0.178571
C4;0.178571
C7;0.107143
C8;0.25
C9;0.214286
