Attributes;Weight
C1;0.412698
C12;0.533911
C13;0.339105
C14;0.357864
C16;0.445887
C18;0.2886
C2;0.454545
C4;0.430014
C7;0.341991
C8;0.314574
C9;0.492063
