Attributes;Weight
C1;0.282799
C12;0.405248
C13;0.268222
C14;0.332362
C16;0.492711
C18;0.364431
C2;0.45481
C4;0.431487
C7;0.142857
C8;0.166181
C9;0.548105
