Attributes;Weight
C1;0.396518
C12;0.483559
C13;0.272727
C14;0.400387
C16;0.386847
C18;0.303675
C2;0.475822
C4;0.384913
C7;0.26499
C8;0.297872
C9;0.502901
