Attributes;Weight
C1.csv;0.491525
C2.csv;0.542373
C4.csv;0.457627
C7.csv;0.457627
C8.csv;0.474576
C9.csv;0.491525
