Attributes;Weight
C1.csv;0.368421
C2.csv;0.368421
C4.csv;0.263158
C7.csv;0.210526
C8.csv;0.368421
C9.csv;0.368421
