Attributes;Weight
C1.csv;0.363636
C2.csv;0.272727
C4.csv;0.363636
C7.csv;0.272727
C8.csv;0.181818
C9.csv;0.181818
