Attributes;Weight
C1.csv;0.222222
C2.csv;0.222222
C4.csv;0.222222
C7.csv;0.222222
C8.csv;0.333333
C9.csv;0.333333
