X ; C1.csv ; C2.csv ; C4.csv ; C7.csv ; C8.csv ; C9.csv
C1.csv ; 1 ; 0.333333 ; 0.333333 ; 0.333333 ; 0.25 ; 0.25
C2.csv ; 0.333333 ; 1 ; 0.333333 ; 0.333333 ; 0.25 ; 0.25
C4.csv ; 0.333333 ; 0.333333 ; 1 ; 0.333333 ; 0.25 ; 0.25
C7.csv ; 0.333333 ; 0.333333 ; 0.333333 ; 1 ; 0.25 ; 0.25
C8.csv ; 0.25 ; 0.25 ; 0.25 ; 0.25 ; 1 ; 0.5
C9.csv ; 0.25 ; 0.25 ; 0.25 ; 0.25 ; 0.5 ; 1
