X ; C1.csv ; C2.csv ; C4.csv ; C7.csv ; C8.csv ; C9.csv
C1.csv ; 1 ; 0.375 ; 0.125 ; 0.111111 ; 0.2 ; 0.444444
C2.csv ; 0.375 ; 1 ; 0.142857 ; 0.285714 ; 0.222222 ; 0.2
C4.csv ; 0.125 ; 0.142857 ; 1 ; 0.166667 ; 0.125 ; 0.25
C7.csv ; 0.111111 ; 0.285714 ; 0.166667 ; 1 ; 0.428571 ; 0.1
C8.csv ; 0.2 ; 0.222222 ; 0.125 ; 0.428571 ; 1 ; 0.3
C9.csv ; 0.444444 ; 0.2 ; 0.25 ; 0.1 ; 0.3 ; 1
