Attributes;Weight
C1.csv;0.483333
C2.csv;0.533333
C4.csv;0.466667
C7.csv;0.466667
C8.csv;0.483333
C9.csv;0.483333
