X ; fichier bn:00021475n ; client bn:00019764n ; base de donnée bn:00025333n ; mysql bn:01225760n ; site bn:00047172n ; langage de script bn:01431715n ; typage bn:00016413n ; chaîne bn:00074685n
fichier bn:00021475n ; 1 ; 0.2 ; 0.2 ; 0.333333 ; 0.2 ; 0.333333 ; 0.333333 ; 0.333333
client bn:00019764n ; 0.2 ; 1 ; 0.333333 ; 0.5 ; 0.333333 ; 0.2 ; 0.2 ; 0.2
base de donnée bn:00025333n ; 0.2 ; 0.333333 ; 1 ; 0.5 ; 0.142857 ; 0.2 ; 0.5 ; 0.2
mysql bn:01225760n ; 0.333333 ; 0.5 ; 0.5 ; 1 ; 0.2 ; 0.333333 ; 0.333333 ; 0.333333
site bn:00047172n ; 0.2 ; 0.333333 ; 0.142857 ; 0.2 ; 1 ; 0.5 ; 0.2 ; 0.2
langage de script bn:01431715n ; 0.333333 ; 0.2 ; 0.2 ; 0.333333 ; 0.5 ; 1 ; 0.333333 ; 0.333333
typage bn:00016413n ; 0.333333 ; 0.2 ; 0.5 ; 0.333333 ; 0.2 ; 0.333333 ; 1 ; 0.333333
chaîne bn:00074685n ; 0.333333 ; 0.2 ; 0.2 ; 0.333333 ; 0.2 ; 0.333333 ; 0.333333 ; 1
