Attributes;Weight
C1.csv;0.352941
C2.csv;0.352941
C4.csv;0.235294
C7.csv;0.235294
C8.csv;0.352941
C9.csv;0.411765
