Attributes;Weight
C1.csv;0.352941
C2.csv;0.470588
C4.csv;0.441176
C7.csv;0.323529
C8.csv;0.352941
C9.csv;0.529412
