Attributes;Weight
C1.csv;0.310345
C2.csv;0.37931
C4.csv;0.448276
C7.csv;0.310345
C8.csv;0.310345
C9.csv;0.448276
