Attributes;Weight
C1.csv;0.315789
C2.csv;0.368421
C4.csv;0.526316
C7.csv;0.263158
C8.csv;0.210526
C9.csv;0.263158
