Attributes;Weight
C1.csv;0.473684
C2.csv;0.561404
C4.csv;0.438596
C7.csv;0.473684
C8.csv;0.45614
C9.csv;0.491228
