Attributes;Weight
C1.csv;0.491803
C2.csv;0.52459
C4.csv;0.47541
C7.csv;0.47541
C8.csv;0.491803
C9.csv;0.47541
