Attributes;Weight
C11;0.363636
C15;0.318182
C17;0.227273
C19;0.409091
C3;0.454545
C5;0.431818
C6;0.272727
