Attributes;Weight
C11;0.444444
C15;0.277778
C17;0.333333
C19;0.277778
C3;0.166667
C5;0.111111
C6;0.333333
