Attributes;Weight
C11;0.185185
C15;0.259259
C17;0.259259
C19;0.296296
C3;0.444444
C5;0.444444
C6;0.296296
