Attributes;Weight
C11;0.363636
C15;0.272727
C17;0.409091
C19;0.318182
C3;0.272727
C5;0.0909091
C6;0.318182
