Attributes;Weight
C11;0.310345
C15;0.37931
C17;0.37931
C19;0.37931
C3;0.206897
C5;0.137931
C6;0.344828
