Attributes;Weight
C11;0.214286
C15;0.178571
C17;0.25
C19;0.25
C3;0.214286
C5;0.428571
C6;0.25
CJA;0.5
