Attributes;Weight
C11;0.294118
C15;0.176471
C17;0.294118
C19;0.176471
C3;0.176471
C5;0.117647
C6;0.352941
CJA;0.235294
