Attributes;Weight
C11;0.181818
C17;0.181818
C19;0.272727
C5;0.545455
C6;0.272727
CJA;0.545455
