Attributes;Weight
C11;0.315789
C15;0.403509
C17;0.157895
C19;0.298246
C3;0.438596
C5;0.526316
C6;0.192982
CJA;0.45614
