Attributes;Weight
C11;0.495868
C15;0.528926
C17;0.495868
C19;0.495868
C3;0.471074
C5;0.5
C6;0.471074
CJA;0.471074
