Objects;Weight
php bn:01753580n;0.117647
mysql bn:01225760n;0.117647
texte bn:00076732n;0.117647
fichier bn:00021475n;0.117647
données bn:00025314n;0.352941
types bn:00016413n;0.117647
session bn:03751534n;0.117647
base de donnees bn:00025333n;0.235294
entités bn:00031027n;0.117647
site bn:00047172n;0.117647
langage de script bn:01431715n;0.117647
nombre bn:00058285n;0.117647
sélectionner bn:00084931v;0.117647
post bn:01500184n;0.235294
méthode get bn:00045088n;0.117647
code bn:00020354n;0.117647
utilisateur bn:00079373n;0.117647
afficher bn:00087013v;0.117647
nécessaire bn:00107182a;0.235294
serveur bn:00044916n;0.117647
fois bn:00032768n;0.235294
programmation bn:00021493n;0.117647
class bn:03598962n;0.235294
commentaires bn:00020978n;0.235294
composer bn:14766022n;0.117647
chaîne bn:00074685n;0.117647
syntaxe bn:00062118n;0.117647
définition bn:00025928n;0.117647
langage bn:00049910n;0.235294
mise bn:00016287n;0.117647
mode bn:00033729n;0.117647
configuration bn:03088982n;0.117647
xml bn:02771436n;0.117647
postgresql bn:01709156n;0.117647
web bn:00080772n;0.117647
méthode bn:01641329n;0.117647
bits bn:00010731n;0.117647
foreach bn:03463379n;0.117647
pouvoir bn:00084450v;0.117647
information bn:00046705n;0.117647
timestamp bn:03603649n;0.117647
easyphp bn:14837849n;0.117647
impossible bn:00104687a;0.117647
public bn:00109211a;0.117647
en-tête bn:00043309n;0.117647
client bn:00019764n;0.117647
java bn:00048043n;0.117647
file bn:00065682n;0.117647
classe bn:03608262n;0.117647
exception bn:00032118n;0.117647
wamp bn:01708928n;0.117647
