Attributes;Weight
C11;0.341463
C15;0.439024
C17;0.414634
C19;0.365854
C3;0.268293
C5;0.097561
C6;0.390244
CJA;0.097561
