Attributes;Weight
C11;0.259259
C15;0.333333
C17;0.407407
C19;0.37037
C3;0.222222
C5;0.0740741
C6;0.296296
CJA;0.148148
