Attributes;Weight
C11;0.427778
C15;0.427778
C17;0.383333
C19;0.438889
C3;0.494444
C5;0.45
C6;0.5
CJA;0.422222
