Attributes;Weight
C11;0.363636
C15;0.227273
C17;0.363636
C19;0.227273
C3;0.227273
C5;0.0909091
C6;0.318182
CJA;0.181818
