Attributes;Weight
C1;0.451143
C2;0.432432
C3;0.559252
C4;0.401247
C5;0.515593
C6;0.43659
C7;0.299376
C8;0.297297
C9;0.424116
C10;0.654886
