Attributes;Weight
C1;0.171429
C2;0.257143
C3;0.428571
C4;0.257143
C5;0.571429
C6;0.371429
C7;0.228571
C8;0.0857143
C9;0.142857
C10;0.228571
