Attributes;Weight
C1;0.271375
C2;0.330855
C3;0.475836
C4;0.423792
C5;0.539033
C6;0.516729
C7;0.167286
C8;0.234201
C9;0.468401
C10;0.494424
