Attributes;Weight
C1;0.0784314
C2;0.22549
C3;0.529412
C4;0.343137
C5;0.470588
C6;0.392157
C7;0.205882
C8;0.205882
C9;0.27451
C10;0.323529
