Attributes;Weight
C1;0.359477
C2;0.392157
C3;0.5
C4;0.313725
C5;0.447712
C6;0.46732
C7;0.25817
C8;0.189542
C9;0.421569
C10;0.568627
