Attributes;Weight
C1;0.225806
C2;0.258065
C3;0.225806
C4;0.16129
C5;0.193548
C6;0.193548
C7;0.16129
C8;0.258065
C9;0.258065
C10;0.290323
