Attributes;Weight
C1;0.357367
C2;0.39185
C3;0.492163
C4;0.316614
C5;0.454545
C6;0.448276
C7;0.263323
C8;0.203762
C9;0.423197
C10;0.567398
