Attributes;Weight
C1;0.354167
C2;0.416667
C3;0.455729
C4;0.359375
C5;0.453125
C6;0.450521
C7;0.286458
C8;0.270833
C9;0.460938
C10;0.528646
