Attributes;Weight
C1;0.2
C2;0.314286
C3;0.2
C4;0.142857
C5;0.171429
C6;0.171429
C7;0.142857
C8;0.228571
C9;0.314286
C10;0.342857
