Attributes;Weight
C1;0.377389
C2;0.441083
C3;0.498408
C4;0.409236
C5;0.525478
C6;0.406051
C7;0.401274
C8;0.388535
C9;0.492038
C10;0.498408
