Attributes;Weight
C1;0.276423
C2;0.288618
C3;0.463415
C4;0.406504
C5;0.512195
C6;0.47561
C7;0.166667
C8;0.211382
C9;0.434959
C10;0.46748
