Attributes;Weight
C1;0.35426
C2;0.426009
C3;0.495516
C4;0.360987
C5;0.426009
C6;0.473094
C7;0.304933
C8;0.331839
C9;0.491031
C10;0.473094
