Attributes;Weight
C1;0.212766
C2;0.255319
C3;0.234043
C4;0.191489
C5;0.12766
C6;0.148936
C7;0.319149
C8;0.276596
C9;0.319149
C10;0.361702
