Attributes;Weight
C11;0.285714
C15;0.357143
C17;0.357143
C19;0.392857
C3;0.178571
C5;0.178571
C6;0.428571
