Attributes;Weight
C11;0.222222
C15;0.333333
C17;0.259259
C19;0.296296
C3;0.37037
C5;0.481481
C6;0.296296
