Attributes;Weight
C11;0.285714
C15;0.142857
C17;0.357143
C19;0.142857
C3;0.214286
C5;0.214286
C6;0.357143
