Attributes;Weight
C11;0.371429
C15;0.457143
C17;0.371429
C19;0.4
C3;0.257143
C5;0.142857
C6;0.485714
