Attributes;Weight
C11;0.363636
C15;0.272727
C17;0.454545
C19;0.318182
C3;0.227273
C5;0.136364
C6;0.409091
